text,category
table surface has deep cuts scratches,Furniture
power cut whole night no electricity,Electrical
geyser switch board wet dangerous,Plumbing
network down for hours no announcement,Internet
electricity supply not restored after maintenance,Electrical
no water supply in morning time,Plumbing
study chair too low back hurts,Furniture
washroom drain dirty insects visible,Housekeeping
cleaning done hastily not thorough at all,Housekeeping
mess utensils have dried food on them,Mess
wifi always down when needed most,Internet
internet access blocked after eleven pm,Internet
switchboard cover missing shock risk,Electrical
common room fan not working properly,Other
common room chair broken nobody fixed,Other
corridor very dusty near staircase,Housekeeping
hostel access card not working,Other
electricity cut during practical submission night,Electrical
toilet flush making noise all night,Plumbing
portion size reduced without any notice,Mess
cleaning staff reduced complaints increasing,Housekeeping
outside dog barking all night long,Other
no hot water during winter morning,Plumbing
pipeline leaking inside wall visible damage,Plumbing
cold chapati being served today,Mess
AC unit not turning on at all,Electrical
shelf heavy fallen dangerous situation,Furniture
chapati too small cannot make one bite,Mess
mess closing bell rung too early,Mess
rice served with insects found inside,Mess
hostel room allotment issue not resolved,Other
light fixture hanging loose from ceiling,Electrical
network slow but showing full bars,Internet
room floor sticky needs proper mopping,Housekeeping
power supply to room very weak,Electrical
cupboard door panel swollen not closing,Furniture
chair all joints loose collapsing soon,Furniture
roommate using room without permission,Other
food allergy not considered by staff,Mess
bed missing pillow and pillow cover,Furniture
chair very old creaking loudly,Furniture
breakfast quality very poor only bread,Mess
flies near dustbin room entry point,Housekeeping
dirty washroom nobody attending since morning,Housekeeping
no water before seven in morning,Plumbing
no connectivity during placement preparation,Internet
food served while still frozen inside,Mess
no connectivity entire hostel for two hours,Internet
no internet during entire weekend,Internet
sewage smell from bathroom drain pipe,Plumbing
no dessert on sunday against schedule,Mess
street light outside window broken,Electrical
breakfast only bread butter no hot item,Mess
mess garbage not cleaned during meal times,Mess
room 208 power failure since yesterday,Electrical
three pin socket damaged near door,Electrical
sweeper came late room not properly done,Housekeeping
no water supply in attached bathroom,Plumbing
mess attendant absent food serving slow,Mess
pipe disconnected under bathroom sink,Plumbing
no water for washing utensils today,Plumbing
study table too small for laptop,Furniture
wiring exposed near window very dangerous,Electrical
hostel main gate broken anyone entering,Other
cannot access college portal on hostel wifi,Internet
no functioning light in room at all,Electrical
light switch stuck cannot turn off,Electrical
no water for washing clothes today,Plumbing
common room table glass cracked badly,Other
bed frame nail protruding injury risk,Furniture
mattress cover torn unhygienic to use,Furniture
mess attendance count wrong billed extra,Mess
corridor bin bags not tied before removal,Housekeeping
hostel event preparation noise during exams,Other
mess milk watery not full cream,Mess
room smelling musty needs ventilation,Housekeeping
circuit breaker keeps tripping in block B,Electrical
bed wooden board cracked broke under,Furniture
internet slow even one person connected,Internet
cupboard has no shelf inside empty,Furniture
pipe burst near ground floor bathroom,Plumbing
hostel entrance muddy footprints on floor,Housekeeping
water supply interrupted without prior notice,Plumbing
internet very slow at seven pm daily,Internet
food served using dirty ladle,Mess
fuse blown in room 108,Electrical
mess staff rude to students during meal,Mess
fan not working since last night,Electrical
no water to flush toilet morning,Plumbing
table surface uneven laptop wobbles,Furniture
pipe joint loose dripping every minute,Plumbing
geyser not switching on at all,Plumbing
food not enough for hostelers staying late,Mess
switch giving mild shock when touched,Electrical
router blinking orange problem not fixed,Internet
no power for charging laptops in room,Electrical
table leg cracked nearly breaking,Furniture
common toilet not cleaned since morning,Housekeeping
water meter broken unable to track usage,Plumbing
no variety on weekday breakfast menu,Mess
router in wing B not responding,Internet
water coming from ceiling after rain,Plumbing
internet cuts out mid submission very frustrating,Internet
internet not restored after scheduled outage,Internet
sweeper using same dirty cloth everywhere,Housekeeping
fan motor burning smell noticed,Electrical
chair very low uncomfortable for tall student,Furniture
chair armrest completely detached,Furniture
cupboard door paint chipping inside,Furniture
no water on holiday when cleaners absent,Plumbing
internet slow in daytime not night,Internet
overhead light dim and flickering badly,Electrical
noisy generator placed near room block,Other
bed bunk top ladder very shaky,Furniture
transformer humming loudly near hostel,Electrical
water standing in corridor near bathroom,Plumbing
shelf broken tilted to one side,Furniture
bathroom toilet brush missing for cleaning,Housekeeping
mattress very old smells musty,Furniture
cupboard base water damaged swollen,Furniture
router in common area switched off,Internet
internet cuts out randomly throughout day,Internet
water coming from bathroom into room,Plumbing
internet very slow during rainy weather,Internet
hostel boundary light not working night,Other
mess closed on holiday students starving,Mess
cupboard interior shelf broken weight,Furniture
breakfast menu promise not followed today,Mess
salad not fresh wilted leaves served,Mess
socket loose near study table,Electrical
floor sweep marks visible not properly done,Housekeeping
overflow from bathroom entering corridor,Plumbing
bathroom smell due to blocked drain,Plumbing
room swept but not mopped at all,Housekeeping
loose switchboard shocking when touched lightly,Electrical
wifi working but no access to internet,Internet
wifi working but youtube very slow,Internet
salt too much in sabzi today,Mess
switch not turning off fan properly,Electrical
mess roti machine breakdown plain bread served,Mess
room fan making grinding noise,Electrical
tube light not turning on at all,Electrical
wash basin drain pipe blocked,Plumbing
electric meter room locked cannot check,Electrical
water pressure very weak on third floor,Plumbing
router needs new password nobody knows it,Internet
common washroom tissue bin overflowing,Housekeeping
bathroom tiles very slippery and dirty,Housekeeping
no water for bathing since morning,Plumbing
internet slow during assignment upload,Internet
room cleaning skipped again today morning,Housekeeping
bathroom floor not dried after mopping,Housekeeping
general repair request pending too long,Other
bathroom tap extremely hard to turn,Plumbing
cleaning log not maintained by staff,Housekeeping
geyser thermostat broken not controlling temp,Plumbing
no provision for late comers in evening,Mess
router light showing no broadband connection,Internet
internet barely working cannot watch lecture,Internet
chair completely unusable replaced needed,Furniture
study table very old needs replacement,Furniture
room not cleaned before new semester,Housekeeping
internet dropping affecting attendance marking,Internet
garbage overflowing near staircase landing,Housekeeping
room shoe rack broken pieces scattered,Other
tap rubber washer gone dripping heavily,Plumbing
tap making loud noise when opened,Plumbing
plug melted from overheating,Electrical
chair backrest missing bolts falling off,Furniture
room dust causing coughing every day,Housekeeping
bathroom tiles covered in soap scum,Housekeeping
bathroom tap water coming brownish color,Plumbing
chapati count limited cannot eat enough,Mess
waste bin overflowing in corridor,Housekeeping
shelf not fixed to wall properly,Furniture
geyser making burning smell when on,Plumbing
fuse box in corridor needs checking,Electrical
water leaking from pipe near washroom,Plumbing
common bathroom mirror broken sharp edges,Other
emergency light not working during outage,Electrical
mess garbage outside blocking entrance,Mess
wifi not working since power cut yesterday,Internet
dust on fan blades heavy layer,Housekeeping
low water pressure in all taps,Plumbing
study table drawer completely stuck,Furniture
food without salt today nobody checked,Mess
bed wooden plank cracked under weight,Furniture
chair backrest broken falling off,Furniture
dirty mop water left in room,Housekeeping
toilet very dirty nobody cleaned today,Housekeeping
hostel bin area smells due to delay,Housekeeping
cleaning not happening in attached bathroom,Housekeeping
roommate disturbing during exam preparation,Other
sink drain gurgling sound when draining,Plumbing
cupboard door sticking hard to open,Furniture
light switch sparking loudly when flipped,Electrical
no water supply to new wing rooms,Plumbing
bed ladder rungs broken unsafe,Furniture
bathroom flooding due to blocked drain,Plumbing
hostel laundry timing changed no notice,Other
bed frame rusted sharp edge injury,Furniture
mattress spring exposed poking situation,Furniture
mess closed early many students hungry,Mess
electrical panel room always locked,Electrical
water supply cut during afternoon hours,Plumbing
pest control not done since months,Housekeeping
emergency backup light not charged,Electrical
room 302 complete darkness since last evening,Electrical
mattress provided is not sized right,Furniture
light blinking continuously disturbing study,Electrical
wifi disconnects when phone screen locks,Internet
geyser thermostat not maintaining temperature,Plumbing
corridor near laundry area very smelly,Housekeeping
cleaning staff not visiting on weekends,Housekeeping
supply pipe noisy and vibrating badly,Plumbing
toilet paper not restocked after cleaning,Housekeeping
bed bolts missing very unstable,Furniture
water supply extremely low cannot shower,Plumbing
noise from power generator too loud,Other
cupboard door hinge pin missing,Furniture
cleaning done in morning but floor again dirty,Housekeeping
roommate using others things without asking,Other
router not visible in wifi list,Internet
food served half hour late every day,Mess
overhead tank leaking water on terrace,Plumbing
network latency very high gaming impossible,Internet
no connectivity in washroom area corridor,Internet
wet floor in corridor due to leakage,Plumbing
dirty mop used in bathroom again,Housekeeping
luggage room locked no key given,Other
fan completely stopped during summer heat,Electrical
room 305 not cleaned for four days,Housekeeping
router cable damaged needs replacement urgently,Internet
general issue needs immediate follow up,Other
hostel curfew changed no prior notice,Other
toilet blocked paper stuffed inside,Plumbing
pipe corroded leaking brown water,Plumbing
room 204 dusty allergy causing issues,Housekeeping
table leg loose wobbling dangerous,Furniture
hostel common room TV not working,Other
noisy pipes in wall near room,Other
dal has stones inside please check,Mess
dirty curtains not changed since months,Housekeeping
wifi not working today morning exam day,Internet
network packet loss very high today,Internet
bed slat fallen off middle broken,Furniture
fan switch stuck on highest speed,Electrical
bed side table broken drawer stuck,Furniture
slow internet even at midnight,Internet
light gone again in corridor outside,Electrical
bathroom soap dispenser not refilled,Housekeeping
study table too low causing back pain,Furniture
hostel CCTV camera not functional,Other
chapati too hard difficult to tear,Mess
weak signal in room on third floor,Internet
chair damaged cannot sit properly,Furniture
flush button stuck in pressed position,Plumbing
toilet seat broken needs replacement,Plumbing
water cooler in corridor not working,Other
internet slow for past entire week,Internet
cupboard key not turning properly,Furniture
mess food tasteless since new cook joined,Mess
bed spring broken poking at night,Furniture
fan installed incorrectly wobbling dangerously,Electrical
noisy birds on window ledge early,Other
pipe joint leaking near washroom door,Plumbing
bed frame bent sleeping uncomfortable,Furniture
table drawer broken not sliding,Furniture
internet cutting during group study session,Internet
cupboard door falling off daily issue,Furniture
floor swept without removing furniture,Housekeeping
food causing acidity students complaining,Mess
cupboard hinge broken door falling,Furniture
stray cats inside hostel block,Other
curd not fresh sour taste today,Mess
chair plastic cracking making noise,Furniture
geyser electricity connection loose not heating,Plumbing
table edge sharp needs to be filed,Furniture
sabzi has hair inside please check,Mess
geyser not heating water at all,Plumbing
bathroom tap needs gasket replacement urgently,Plumbing
study table needs urgent replacement request,Furniture
toilet not working properly for students,Plumbing
notice board glass broken dangerous,Other
tea in morning very weak no taste,Mess
room window handle broken no lock,Other
power supply unstable laptop keeps shutting,Electrical
hostel network very congested in evening,Internet
light cover glass broken pieces on floor,Electrical
fan speed too slow even on max,Electrical
laundry area flooding needs fix,Other
noise from upstairs room continuous,Other
wifi not detected on any device today,Internet
room swept but dustbin not emptied,Housekeeping
room window cannot close drafty cold,Other
same khichdi third time this week,Mess
tap head broken water shooting everywhere,Plumbing
rice smells like old storage,Mess
sweeper cleaning quickly not properly,Housekeeping
mess hall very hot no ventilation,Mess
cupboard door handle missing,Furniture
light switch broken cannot turn on,Electrical
shelf above table pulling from wall,Furniture
loose wire behind switchboard dangerous,Electrical
wifi connection requiring login every hour,Internet
general complaint no specific category fits,Other
food tastes stale probably yesterday leftover,Mess
food very oily causing health issues,Mess
mess very crowded no place to sit,Mess
dust settled on all furniture pieces,Housekeeping
hostel notice board not updated,Other
window sills full of dust and dirt,Housekeeping
common area chairs moved not returned,Other
night lamp socket not functional,Electrical
dinner menu changed without informing students,Mess
tubelight starter broken not igniting,Electrical
neighbor playing loud music whole night,Other
slow internet causing assignment submission failure,Internet
cupboard bottom panel collapsed inside,Furniture
fan speed not working on any setting,Electrical
dust everywhere on shelves and floor,Housekeeping
room 301 has no power since evening,Electrical
room under bed area never cleaned,Housekeeping
food served without covering flies landing,Mess
internet down during project submission,Internet
tap leaking from base near wall,Plumbing
toilet not flushing after multiple attempts,Plumbing
unexpected hostel problem no help received,Other
cleaning schedule changed no information given,Housekeeping
food not sufficient for all students,Mess
chair wobbles badly on uneven floor,Furniture
room light not coming on despite new bulb,Electrical
food too bland no masala used,Mess
mess utensil wash area very dirty,Mess
leakage from roof after heavy rain,Plumbing
wifi password not given to new students,Internet
mess starts late students missing breakfast,Mess
hostel cycle stand broken no fix,Other
no internet during submission deadline night,Internet
dinner time changed no announcement made,Mess
no internet support ticket being ignored,Internet
staircase railing broken fall risk,Other
water heater leaking from bottom joint,Plumbing
cupboard door stuck cannot open,Furniture
sabzi dal both same color same taste,Mess
switch board broken in room 204,Electrical
bathroom grout dirty between tiles,Housekeeping
toilet flush overflowing after using,Plumbing
cleaning staff came but only swept half,Housekeeping
power cut every morning during breakfast time,Electrical
tap handle missing hard to control,Plumbing
wifi router blinking red in corridor,Internet
no internet connectivity entire morning today,Internet
sabzi has no masala completely tasteless,Mess
internet speed enough for only text,Internet
no water pressure second floor wing B,Plumbing
ceiling fan falling loose fix urgently,Electrical
study table drawer not opening fully,Furniture
bulb holder loose light falling down,Electrical
sabzi not sufficient runs out early,Mess
sink tap broken water flowing nonstop,Plumbing
no connectivity in new block wing,Internet
wire hanging from ceiling in corridor,Electrical
hostel visitor register not maintained,Other
router placement bad poor signal coverage,Internet
flush knob broken off toilet,Plumbing
wifi login session expires too quickly,Internet
cobwebs on ceiling not cleaned,Housekeeping
room not cleaned since three days,Housekeeping
mess menu not followed today again,Mess
no earthing in room socket dangerous,Electrical
switch panel cracked needs replacement,Electrical
mattress stained heavily needs washing,Furniture
no running water since yesterday night,Plumbing
mess staff wearing dirty clothes serving,Mess
drain not draining water pooling ankle deep,Plumbing
roommate having guests at odd hours,Other
bathroom area not sanitized after illness,Housekeeping
no internet after eleven pm policy,Internet
birds nesting near room window noise,Other
sweeper only mops corridor skips rooms,Housekeeping
toilet seat wobbling not fixed properly,Plumbing
mess water cooler broken very hot day,Mess
dust on top of cupboard thick layer,Housekeeping
internet working but ping very high,Internet
bathroom floor black with dirt marks,Housekeeping
power fluctuation throughout the night,Electrical
bathroom cleaning poor students falling sick,Housekeeping
food quality very bad today,Mess
bed squeaking loudly disturbing neighbors,Furniture
general unresolved issue needs attention,Other
cleaning staff avoiding upper floors lately,Housekeeping
internet speed reduced after new students joined,Internet
bed upper bunk chain support broken,Furniture
hostel gate opened late every morning,Other
shelf above bed cracked dangerous,Furniture
pipe rattling sound throughout the night,Plumbing
hostel gate closed before permitted time,Other
tap leaking wasting water continuously,Plumbing
router signal strength very low,Internet
sabzi same every alternate day boring,Mess
pipe near toilet leaking rust water,Plumbing
cupboard key missing cannot lock,Furniture
mattress very lumpy cannot sleep,Furniture
bed side rail missing fall risk,Furniture
no water supply on weekends,Plumbing
hostel gate security guard absent often,Other
internet drops exactly during online lecture,Internet
hostel wifi password not given new student,Other
sweeper not entering attached bathroom area,Housekeeping
internet down when needed most during night,Internet
internet speed test showing zero mbps,Internet
study table unstable exam night problem,Furniture
mess timings changed nobody informed students,Mess
room 205 fan completely stopped working,Electrical
main switch tripping again and again,Electrical
mattress very thin uncomfortable sleep,Furniture
chair back support broken hunching forced,Furniture
noise from mechanical pump near rooms,Other
fan installed too low hitting tall students,Electrical
room walls have grime marks on them,Housekeeping
room 410 no power for entire day,Electrical
dal has been same for seven days,Mess
washroom drain choked dirty water flowing,Plumbing
sabzi has bad smell today morning,Mess
mattress not provided after joining,Furniture
sweeper replaced room pattern changed,Housekeeping
chair leg snapped completely unsafe,Furniture
sabzi gravy watery no consistency,Mess
food container not clean rust visible,Mess
power supply weak cannot charge laptop,Electrical
corridor cleaning only done before inspection,Housekeeping
rice smells bad today please check,Mess
internet cutting during important video lecture,Internet
chapati very thick and uncooked inside,Mess
room electricity cut without any notice,Electrical
tap in room 203 completely broken,Plumbing
chair fully broken cannot be sat on,Furniture
cleaning staff taking very long breaks,Housekeeping
washroom cleaning quality gone down,Housekeeping
loud party in next room after midnight,Other
chair arm rest broken dangerous sharp,Furniture
hostel curfew strictly enforced no exception,Other
general issue ongoing please resolve soon,Other
internet bandwidth shared too many users,Internet
no hot water in common bathroom,Plumbing
noise disturbance from nearby construction work,Other
fan noise unbearable during night study,Electrical
no proper seating arrangement in mess hall,Mess
fan remote control not responding,Electrical
router admin page not accessible,Internet
room electricity meter reading incorrect,Electrical
no water supply entire weekend again,Plumbing
hostel corridor pothole near block entrance,Other
bathroom mirror cracked dirty smudge marks,Housekeeping
utensils not cleaned properly smell bad,Mess
hostel event noise disturbing study,Other
bathroom walls have mold growing slowly,Housekeeping
power supply fluctuating badly since morning,Electrical
bed spring support completely collapsed,Furniture
internet blocked for some websites only,Internet
room 102 has complete power failure,Electrical
lights off in block A third floor,Electrical
overflow pipe dripping since last week,Plumbing
hostel ground flooding no proper drain,Other
internet very slow during exam time,Internet
geyser temperature very high burn risk,Plumbing
geyser switch leaking water around it,Plumbing
room cleaning complaint lodged no response,Housekeeping
cupboard interior badly damaged wood rotting,Furniture
no milk in morning tea today,Mess
dust allergy triggered room not cleaned,Housekeeping
router overloaded too many connected devices,Internet
cupboard missing from room altogether,Furniture
bathroom tap rust colored water coming,Plumbing
room bed area dirty needs mopping,Housekeeping
chair arm broken cannot use,Furniture
staircase dirty footmarks not cleaned,Housekeeping
flush tank not refilling after use,Plumbing
slow network affecting virtual lab access,Internet
wifi disconnects when multiple students use,Internet
bathroom exhaust fan not working dusty,Housekeeping
no seasonal fruit given this month,Mess
cupboard mirror cracked sharp dangerous,Furniture
geyser making noise but no hot water,Plumbing
bed frame completely rusted beyond repair,Furniture
inverter not working during power cut,Electrical
no water supply third floor rooms,Plumbing
tube light flickering at night only,Electrical
garbage bags not replaced after collection,Housekeeping
washroom leakage seeping into corridor,Plumbing
bathroom smell getting worse everyday,Housekeeping
floor mop water dirty smell coming,Housekeeping
socket cover broken wires exposed inside,Electrical
no network support available on weekends,Internet
shelf inside cupboard fallen off,Furniture
room 407 ceiling light not working,Electrical
network down affecting all fourth floor rooms,Internet
study table drawer handle completely gone,Furniture
mess smell of oil very strong,Mess
general cleanliness poor hostel wide,Other
table has no stability shakes badly,Furniture
pest issue in room no treatment done,Housekeeping
power socket near window not earthed,Electrical
wifi password reset without informing students,Internet
water pressure zero in attached bathroom,Plumbing
fan oscillation stopped working,Electrical
bed broken leg wobbling unsafe,Furniture
room window glass cracked needs fixing,Other
tap dripping constantly all night long,Plumbing
no hot water supply in winter,Plumbing
room fuse box locked no access,Electrical
rice undercooked hard to swallow,Mess
room not cleaned complaint raised twice,Housekeeping
no separate queue for girls hostel,Mess
corridor tiles cracked dirt stuck inside,Housekeeping
hostel maintenance team unresponsive always,Other
bathroom tap completely seized not turning,Plumbing
breakfast cereal not available since week,Mess
slow internet unable to submit online form,Internet
water tank empty since yesterday morning,Plumbing
table drawer stuck completely jammed,Furniture
hostel entry camera not working,Other
room smell like old socks not cleaned,Housekeeping
slow internet cannot upload assignment file,Internet
food too sweet in lunch today,Mess
tiles in bathroom not scrubbed properly,Housekeeping
food too spicy even with less chilli,Mess
bed frame joint loose falling apart,Furniture
hostel compound wall broken anyone entering,Other
wifi not working on any device today,Internet
fan regulator knob broken off,Electrical
vegetables overcooked no nutrition left,Mess
chair leg joint glue failing,Furniture
study table surface scratched badly,Furniture
rice half cooked served in dinner,Mess
chapati served cold and very hard,Mess
wifi not working on fourth floor,Internet
food taste complaint being ignored by warden,Mess
garbage piling outside wing B entrance,Housekeeping
bad smell in corridor near bathroom,Housekeeping
wifi works at ground floor not above,Internet
food complaint submitted but no response,Mess
extension board burnt smell coming out,Electrical
no internet access entire holiday weekend,Internet
room smell bad needs air freshener,Housekeeping
network unstable for past three days,Internet
bed slat missing support very weak,Furniture
mess water from cooler smells bad,Mess
wifi not working on new device,Internet
internet access not restored after payment,Internet
no light near hostel entrance gate,Electrical
no wifi in ground floor common room,Internet
room door hinge loose door falling,Other
wifi keeps dropping during online class,Internet
slow network affecting online exam performance,Internet
room 306 power socket burnt mark visible,Electrical
hostel water cooler empty not refilled,Other
study table unstable submission work affected,Furniture
sweeper absent today room not cleaned,Housekeeping
cupboard door not closing after opening,Furniture
main supply cable exposed near hostel entrance,Electrical
chair armrest snapped off completely,Furniture
router overheating shutting down automatically,Internet
socket not gripping plug keeps falling,Electrical
dog entering hostel premises danger,Other
water standing in washroom for hours,Plumbing
hostel lobby never swept on evenings,Housekeeping
table top laminate peeling badly,Furniture
food waste on tables not cleared,Mess
light not responding to switch,Electrical
no power in first floor washroom,Electrical
bathroom pipe noisy vibrating badly,Plumbing
mattress given is heavily stained old,Furniture
bed rail broken on bunk side,Furniture
room 112 switch board fully damaged,Electrical
table water stained damaged surface,Furniture
no water from seven to ten morning,Plumbing
cupboard lock broken cannot secure,Furniture
bathroom leaking into room below,Plumbing
bed bunk top unsafe ladder missing,Furniture
toilet seat hinges broken uncomfortable,Plumbing
water standing outside bathroom door,Plumbing
bathroom water very cold geyser faulty,Plumbing
wifi authentication page keeps refreshing,Internet
bed spring poking through mattress,Furniture
drain cover missing in washroom,Plumbing
wifi speed fluctuating entire day,Internet
fan not turning despite switch on,Electrical
hostel roof leaking during heavy rain,Other
general issue needs warden attention urgently,Other
ceiling fan wobbling and about to fall,Electrical
room socket overloaded tripping daily,Electrical
drain cover broken foot getting stuck,Plumbing
study room door broken cannot open inside,Other
chair cushion gone only wooden seat,Furniture
light fitting needs immediate replacement,Electrical
no proper lighting in mess hall,Mess
cupboard smelling bad mold inside,Furniture
study table drawer knob missing,Furniture
electricity gone during exam preparation,Electrical
food served cold not properly heated,Mess
network error showing on all devices,Internet
trash bin not replaced after emptying,Housekeeping
mess table not wiped between batches,Mess
sweeper missed room today no entry,Housekeeping
water overflowing from tank on roof,Plumbing
wifi authentication server not responding,Internet
cupboard lock mechanism jammed,Furniture
geyser switch tripping due to water leak,Plumbing
food cold by the time served,Mess
fan making ticking noise all night,Electrical
water tank not getting filled properly,Plumbing
roommate coming late disturbing sleep,Other
cupboard latch broken cannot lock,Furniture
switchboard wet after bathroom leak,Electrical
general hostel condition below standard,Other
mattress dirty needs replacement not clean,Furniture
same dal every day no change,Mess
garbage collection van not coming daily,Housekeeping
router reboot needed multiple times daily,Internet
room 401 requesting immediate cleaning today,Housekeeping
internet working but very poor speed,Internet
garbage left outside room not picked up,Housekeeping
fan making vibrating noise non-stop,Electrical
internet speed zero during exam season,Internet
cupboard door coming off hinges,Furniture
table drawer handle pulled off,Furniture
hostel compound flooding after rain,Other
no internet support from hostel staff,Internet
room 310 requesting cleaning since two days,Housekeeping
power cut every night after eleven,Electrical
light not working in attached bathroom,Electrical
no electricity near washroom area,Electrical
old wiring in room causing issues,Electrical
noise from mechanical room all night,Other
mess staff absent less help in kitchen,Mess
no connectivity after latest router update,Internet
room 201 has intermittent power supply,Electrical
geyser pilot light keeps going off,Plumbing
study table chair height mismatch,Furniture
smell from bathroom entering room,Housekeeping
slow wifi affecting coding submissions tonight,Internet
bed top bunk rail completely missing,Furniture
table lamp socket not giving power,Electrical
wifi login portal not loading at all,Internet
mattress foam compressed too old,Furniture
fan working but no light in room,Electrical
room not sanitized since last month,Housekeeping
less salt in sabzi completely bland,Mess
internet disconnects every ten minutes,Internet
pipe leaking continuously wasting liters daily,Plumbing
bathroom exhaust fan covered with dust,Housekeeping
hostel register online portal not working,Other
no electricity on weekend evening,Electrical
wifi not reaching corner rooms at all,Internet
water tap corroded and rusted badly,Plumbing
complaint box in hostel not emptied,Other
room dust very thick on shelves,Housekeeping
food quality complaint already submitted twice,Mess
breakfast served too late students going late,Mess
wifi router not installed in wing D,Internet
toilet seat very unclean please send cleaner,Housekeeping
no water even during evening hours,Plumbing
reading lamp not getting any power,Electrical
room light suddenly went off at night,Electrical
wifi connected but no internet access,Internet
generator not starting during power cut,Electrical
mattress too thin back pain caused,Furniture
food quality check not done this month,Mess
no internet connection since morning,Internet
geyser taking too long to heat,Plumbing
water supply restored but very slow flow,Plumbing
general repair complaint ignored by office,Other
slow internet downloading assignment takes hours,Internet
table top glass broken shards present,Furniture
room near mess smells of food daily,Housekeeping
router cable pulled out not reconnected,Internet
power restored but fan still not working,Electrical
bathroom floor always wet due to pipe,Plumbing
chair seat cushion torn exposed foam,Furniture
hostel wall paint peeling and falling,Other
hostel lobby dirty during guest visit,Housekeeping
no sugar available in mess today,Mess
table corner very sharp students getting hurt,Furniture
lost and found item missing complaint,Other
floor near entrance muddy not cleaned,Housekeeping
mattress torn springs visible painful,Furniture
power fluctuation damaging my charger,Electrical
router lights all off power issue,Internet
room dusty after construction work nearby,Housekeeping
room has no electricity since yesterday evening,Electrical
mess not clean tables sticky everywhere,Mess
food hygiene very poor cockroach seen,Mess
switchboard cover missing since last week,Electrical
food served without proper covering flies,Mess
no power supply to ground floor rooms,Electrical
dal watery no taste at all,Mess
study table leg broken needs repair,Furniture
food too greasy oily stomach upset,Mess
washing machine coin not returned,Other
mess not cleaned during meal service,Mess
pipe elbow cracked water spraying,Plumbing
mess bill more than food consumed,Mess
tap in common bathroom jammed stuck,Plumbing
floor near window always dirty with mud,Housekeeping
mess tray dirty not washed properly,Mess
water supply pipe old and rusted,Plumbing
bathroom pipe leaking every night,Plumbing
router needs replacement no action taken,Internet
mess quality complaint need immediate attention,Mess
bulb fused in bathroom area,Electrical
food served in broken tray dirty,Mess
chair all four legs not equal,Furniture
fan blade broken needs replacement urgently,Electrical
water supply only one hour per day,Plumbing
bathroom mirror dirty not cleaned,Housekeeping
mess serving speed very slow long queue,Mess
light flickering in my room continuously,Electrical
no fruit given despite promised in menu,Mess
chapati raw not properly cooked,Mess
room not dusted only floor swept,Housekeeping
router disconnecting all students simultaneously,Internet
cupboard handle broke off today,Furniture
bed bottom board missing no support,Furniture
general maintenance pending since last month,Other
water tank not filled since morning,Plumbing
electric board water damaged after rain,Electrical
hostel old newspapers blocking fire exit,Other
garbage not collected from dustbin,Housekeeping
tap drips even after turning off,Plumbing
garbage not cleared before night time,Housekeeping
chair joint loose wobbles every moment,Furniture
water heater making popping sounds,Plumbing
food too spicy cannot eat at all,Mess
mosquitoes in room no spray done,Housekeeping
rice too salty cannot finish plate,Mess
cupboard paint peeling exposing wood,Furniture
chair seat cracked wooden sharp edges,Furniture
bed frame cracked needs replacement,Furniture
general hostel condition needs improvement,Other
voltage too low fan not rotating,Electrical
toilet blocked again third time this week,Plumbing
router needs restart nobody doing it,Internet
mess hall very noisy no discipline,Mess
common corridor lights on in day,Other
wifi not connecting on phone or laptop,Internet
room 103 bulb keeps blowing out,Electrical
mess serving area very unhygienic,Mess
water supply stopped before bathing time,Plumbing
internet speed very slow for assignment,Internet
drain uncovered foot injury risk,Plumbing
chapati sides burnt not properly cooked,Mess
notice about water cut not given,Other
toilet flush not working properly,Plumbing
tubelight holder rusted not fitting bulb,Electrical
internet bandwidth very low entire block,Internet
wifi signal drops near staircase,Internet
drain blocked water standing in bathroom,Plumbing
food served late again today morning,Mess
rice quantity reduced from earlier,Mess
dustbin near door overflowing since morning,Housekeeping
mess serving area flies everywhere,Mess
fan chain broken cannot adjust speed,Electrical
bathroom pipeline making banging sound,Plumbing
water tank making noise when filling,Plumbing
corridor floor wet from leaking pipe,Plumbing
no pickle served with meal today,Mess
router not responding in wing C,Internet
room allotted to two students same,Other
wifi authentication failing repeatedly,Internet
bathroom pipeline broken needs emergency repair,Plumbing
ceiling light cover fallen on floor,Electrical
hostel smell bad during summer heat,Housekeeping
room freshener smell not available anymore,Housekeeping
corridor dustbin missing from its place,Housekeeping
bathroom sink area not wiped clean,Housekeeping
no electricity in washroom for two days,Electrical
bathroom tap area slimy not cleaned,Housekeeping
no electricity supply in wing C rooms,Electrical
noise complaint from next room students,Other
bathroom door handle sticky not wiped,Housekeeping
hostel gate locked too early at night,Other
bathroom tap handle broken off completely,Plumbing
wifi not reaching end of corridor,Internet
bed broken cannot sleep properly,Furniture
chapati dry no ghee applied,Mess
food spoon missing students eating difficulty,Mess
hostel reading room lights very dim,Other
inverter battery dead no backup,Electrical
dust entering from broken window,Housekeeping
power socket not working near bed,Electrical
cupboard shelf inside collapsed,Furniture
geyser rod damaged no heating,Plumbing
hostel rules changed without telling students,Other
mess not serving full thali today,Mess
dal watery runny hard to eat,Mess
drain choked solid material inside,Plumbing
room light works only sometimes,Electrical
mess staff not wearing gloves while serving,Mess
wiring burning smell near switchboard,Electrical
internet cuts out exactly at midnight,Internet
no internet in room even with hotspot,Internet
chair legs unequal wobbles when sitting,Furniture
no idli on breakfast menu as promised,Mess
food tastes recycled from previous meal,Mess
room dustbin not emptied for two days,Housekeeping
cleaning chemicals smell very strong harmful,Housekeeping
wifi signal too weak in my room,Internet
mess not following Sunday special menu,Mess
washroom not mopped water marks remain,Housekeeping
room has only one working socket,Electrical
mess contractor changed quality reduced sharply,Mess
corridor near mess always dirty after meals,Housekeeping
sabzi quantity very less for price paid,Mess
less quantity of food in dinner,Mess
hostel terrace full of garbage,Housekeeping
water pressure drops when multiple taps open,Plumbing
cupboard smell very bad needs cleaning,Furniture
router firmware needs update nobody checking,Internet
fan making noise and then stopped,Electrical
toilet flush chain broken not flushing,Plumbing
chapati only three given not enough,Mess
corridor badly smelling from drain area,Housekeeping
dimmer switch not working at all,Electrical
mess food causing stomach problems today,Mess
power issues affecting entire hostel block,Electrical
letter received at wrong room address,Other
router placed too far from rooms,Internet
mattress not given to new student,Furniture
network down in entire hostel block,Internet
room light fused during exam week,Electrical
sweeper cleaning only corridor not rooms,Housekeeping
chapati burning marks served anyway,Mess
internet disconnects during practical viva prep,Internet
room light went off won't come back,Electrical
room door not closing properly,Other
general hostel maintenance very poor,Other
tap dripping disturbing sleep at night,Plumbing
rice serving very less cannot be full,Mess
table surface not smooth splinters possible,Furniture
bed spring noise waking up roommate,Furniture
food quality inconsistent day to day,Mess
sweeper not following cleaning schedule,Housekeeping
bathroom smell very strong needs cleaning,Housekeeping
cupboard door panel cracked from inside,Furniture
loud vehicle parking near hostel block,Other
router restarted but still no internet,Internet
mattress provided not fresh unhygienic,Furniture
sweeper not coming to clean room,Housekeeping
no electricity in room after 10pm,Electrical
room 206 dusty complained yesterday too,Housekeeping
bed frame cracked noise every movement,Furniture
bathroom always wet ceiling dripping,Plumbing
bed making loud noise when moving,Furniture
wifi not working on linux laptop,Internet
water pressure very low during morning,Plumbing
food quality needs immediate improvement,Mess
no water after pump goes off,Plumbing
room near construction side very dusty,Housekeeping
wifi login session timing out too fast,Internet
room has lizard droppings on wall,Housekeeping
slow internet cannot join online meeting,Internet
chair wheel broken cannot move it,Furniture
hostel register not updated new student,Other
cleaning not done before hostel event,Housekeeping
no phenyl used during toilet cleaning,Housekeeping
slow connection frustrating during project work,Internet
network issues started after maintenance yesterday,Internet
network congestion during competitive exam prep,Internet
sink pipe disconnected under basin,Plumbing
internet cuts out every night around nine,Internet
mess serving extra charge for second helping,Mess
wifi drops every time someone calls,Internet
mess open late students late to class,Mess
bed headboard broken piece fallen,Furniture
sweeping done but mopping skipped daily,Housekeeping
sweet dish missing from weekend dinner,Mess
bathroom leaking seeping to room below,Plumbing
power cut scheduled but not informed,Electrical
chair wooden piece broken from base,Furniture
roommate having calls on speaker at night,Other
no connectivity during viva submission night,Internet
table leg broken needs immediate fix,Furniture
toilet not cleaned before morning usage,Housekeeping
room 302 requesting deep cleaning urgently,Housekeeping
chair joint broken falling when sat,Furniture
mattress sinking middle too old,Furniture
general maintenance issue unaddressed for days,Other
no water in third floor bathroom,Plumbing
extension board socket burnt in room,Electrical
bed plank sagging in center,Furniture
light switch short circuiting,Electrical
cupboard wood swollen door not fitting,Furniture
no wifi coverage near bathroom area,Internet
food quantity per person reducing weekly,Mess
pipe crack noticed near water meter,Plumbing
ants in room garbage not removed,Housekeeping
electricity restored but light still off,Electrical
common television remote missing,Other
no internet in room since three days,Internet
no supply to wing D bathrooms,Plumbing
no internet during scheduled maintenance window,Internet
internet plan expired nobody renewed it,Internet
chair needs replacement very old,Furniture
common bathroom very unhygienic condition,Housekeeping
bathroom tap not functioning for two days,Plumbing
dinner not ready even at nine pm,Mess
no network in hostel basement area,Internet
no running water since this afternoon,Plumbing
same boring menu since beginning of semester,Mess
hostel entry door lock broken,Other
toilet commode crack needs immediate repair,Plumbing
bed frame nails exposed scratching legs,Furniture
mess water cooler empty during lunch,Mess
no backup power during frequent cuts,Electrical
no internet connectivity for mobile data too,Internet
power cut affecting internet and study,Electrical
study table too high for chair,Furniture
low water pressure morning bathing affected,Plumbing
room 309 has single blown fuse,Electrical
sweeper came but did not clean bathroom,Housekeeping
slow internet cannot download study material,Internet
power went off during online class,Electrical
no wifi in reading room area,Internet
room near bathroom always smells bad,Housekeeping
tap in bathroom not closing properly,Plumbing
eggs missing from breakfast today,Mess
water supply disrupted for past two days,Plumbing
study table very unstable shaking,Furniture
mess food same everyday no variety,Mess
dinner served twenty minutes late again,Mess
no supply to room in daytime also,Electrical
power socket broken near cupboard,Electrical
wifi not working since last night,Internet
mess hall floor dirty after every meal,Mess
noise from construction work near block,Other
sweeper not trained properly poor result,Housekeeping
geyser pilot not staying lit,Plumbing
lights off in common area since morning,Electrical
network disconnecting every few minutes,Internet
geyser not working during exam week,Plumbing
no supply to ground floor today,Plumbing
plug point melted in my room,Electrical
hostel event blocking corridor path,Other
no internet near window side of room,Internet
no hot water for washing hands,Mess
no wifi signal in attached room,Internet
chair plastic seat cracked painful to sit,Furniture
food very spicy students with health issues,Mess
cleaning trolley missing supplies frequently,Housekeeping
wifi signal weak near common area,Internet
water tap broken off from wall,Plumbing
socket behind bed not functional,Electrical
room cleaned only once this entire week,Housekeeping
slow connection affecting video call quality,Internet
network not reachable on fourth floor,Internet
cupboard rod for hanging clothes broken,Furniture
mess counter closed before time today,Mess
ceiling fan stopped suddenly today morning,Electrical
mattress very smelly previous student,Furniture
wifi signal poor near bathroom side room,Internet
mattress edge torn stuffing coming out,Furniture
garbage dumped near hostel garden area,Housekeeping
chair seat plastic broken into pieces,Furniture
socket near washroom area rusted badly,Electrical
room 108 dusty after room allotment,Housekeeping
drain outside blocked water pooling up,Plumbing
attached bathroom black mold on walls,Housekeeping
no light in staircase after dark,Electrical
slow connection even for text messages,Internet
electric socket sparking when plugged in,Electrical
wifi dropping every time it rains,Internet
shelf broken items falling on bed,Furniture
laundry room washing machine broken,Other
floor sticky not mopped properly,Housekeeping
room window mosquito net torn,Other
no proper vegetarian option available today,Mess
no water in buckets during hostel function,Plumbing
cannot connect to hostel wifi network,Internet
food quality deteriorated after new contractor,Mess
garbage accumulating outside hostel entrance,Housekeeping
no cleaning for past entire week,Housekeeping
pipeline vibration loud during night time,Plumbing
chair seat board broken mid exam,Furniture
socket sparking near study table area,Electrical
food taste very different since last week,Mess
washroom heavily stained needs scrubbing,Housekeeping
floor near water cooler always dirty,Housekeeping
sweeper absent room dirty whole day,Housekeeping
dorm room smells bad needs fresh air,Housekeeping
network keeps asking for password again,Internet
no power backup during load shedding,Electrical
parking area flooded no drainage,Other
wifi signal interference from other networks,Internet
chair rocking back not stable,Furniture
mess smell bad from kitchen area,Mess
no cleaning on Sunday whole mess,Housekeeping
wifi speed barely one mbps today,Internet
geyser not responding to temperature setting,Plumbing
